3795,and
3173,the
2683,of
2642,to
1718,we
1476,in
1447,our
1145,a
1054,that
836,for
752,are
625,is
615,as
578,community
562,i
553,have
539,this
473,with
470,on
445,all
399,will
385,be
341,university
335,it
327,by
325,at
320,you
314,us
272,not
272,racism
270,these
268,must
268,can
268,who
244,students
233,many
227,more
226,from
213,do
210,their
210,or
209,those
205,black
204,but
202,work
195,george
191,an
183,has
183,diversity
175,they
175,floyd
174,campus
169,together
169,other
161,so
161,people
161,faculty
156,society
156,justice
155,been
153,one
152,support
149,change
142,president
141,time
141,police
141,staff
139,violence
138,inclusion
138,what
137,events
136,about
135,members
134,when
134,was
134,communities
132,nation
130,against
125,equity
121,–
120,also
119,country
116,continue
116,know
108,your
108,my
107,out
107,each
106,may
106,how
104,injustice
102,world
101,while
101,african
101,death
99,recent
97,social
97,stand
96,chancellor
95,there
94,through
93,lives
92,across
92,2020
91,where
90,racial
90,—
88,need
88,vice
87,like
86,me
85,better
85,his
83,color
83,americans
82,every
81,new
81,just
80,here
79,pain
79,another
79,see
79,leaders
79,over
78,take
78,them
78,systemic
78,minneapolis
78,state
76,today
75,no
74,discrimination
74,which
74,last
74,now
74,student
73,american
72,around
72,others
71,respect
70,only
70,action
70,ahmaud
70,health
69,anger
69,arbery
68,its
68,resources
68,am
68,values
67,education
67,acts
67,most
67,inclusive
67,commitment
67,forward
66,committed
66,pandemic
65,past
65,some
65,too
64,own
64,than
64,breonna
64,taylor
64,life
64,family
63,ways
63,words
63,make
63,share
63,week
62,national
61,up
61,hope
61,if
60,help
60,place
59,well
59,law
59,times
59,let
59,come
58,office
57,even
57,years
56,issues
56,believe
56,he
56,much
56,covid-19
55,days
54,safe
54,moment
53,address
53,want
52,create
52,rights
52,including
52,should
52,race
52,officer
51,cannot
51,right
51,fear
51,actions
51,public
51,difficult
51,center
50,call
50,important
49,before
49,history
49,ourselves
49,weeks
49,ensure
49,toward
48,part
48,safety
48,services
48,dean
47,future
47,were
47,again
47,day
47,because
47,america
46,very
46,recognize
46,working
46,being
45,efforts
45,live
45,protests
44,find
44,leadership
44,act
44,message
44,deaths
44,dear
43,challenges
43,learn
43,impact
43,both
43,solidarity
43,&
43,care
43,school
43,counseling
42,feel
42,hate
42,ask
42,officers
42,into
42,institution
42,during
41,responsibility
41,human
41,face
41,shared
41,still
41,please
41,conversations
41,texas
40,go
40,deeply
40,research
40,say
40,senseless
40,understanding
40,first
39,after
39,opportunity
39,enforcement
39,within
39,voices
39,same
39,year
39,individuals
39,dr
39,tragic
38,months
38,protect
38,especially
38,matter
38,chief
38,look
37,any
37,build
37,friends
37,would
37,sense
36,environment
36,incidents
36,seek
36,encourage
36,diverse
36,white
36,yet
35,such
35,long
35,use
35,inequities
35,few
35,sadness
35,academic
35,system
35,join
35,provost
34,feeling
34,hatred
34,provide
34,remain
34,grief
34,training
34,floyd’s
33,everyone
33,had
33,never
33,killing
33,injustices
33,affairs
32,statement
32,killed
32,united
32,always
32,great
32,assistance
31,acknowledge
31,information
31,ever
31,opportunities
31,deep
31,end
31,bias
31,experiences
30,critical
30,bring
30,heart
30,institutions
30,media
30,available
30,georgia
30,dignity
30,dialogue
29,equitable
29,mission
29,force
29,understand
29,hard
29,groups
29,become
29,peaceful
29,humanity
29,engage
29,way
29,home
29,sincerely
28,doing
28,colleagues
28,access
28,brutality
28,institutional
28,don’t
28,video
28,contact
28,intolerance
27,reality
27,role
27,collective
27,best
27,listen
27,experience
27,alumni
27,reach
27,move
27,individual
27,response
26,lost
26,creating
26,particularly
26,ideas
26,systems
26,department
26,man
26,made
26,enough
26,city
26,loss
25,begin
25,commit
25,principles
25,beyond
25,it’s
25,learning
25,hold
25,equality
25,write
25,knowledge
25,serve
25,tech
25,reflect
25,power
25,could
25,civil
25,interim
25,hearts
25,two
25,far
25,seen
25,program
25,1/1/1900 6
24,families
24,cause
24,speak
24,next
24,since
24,following
24,express
24,s
24,plan
24,outrage
24,a&m
23,actively
23,coming
23,taken
23,real
23,positive
23,conversation
23,oppression
23,lead
23,member
23,racist
23,throughout
23,global
23,culture
23,core
23,personal
23,process
23,truly
23,crisis
23,university’s
22,forms
22,upon
22,needs
22,mr
22,killings
22,news
22,said
22,team
22,hands
22,needed
22,TRUE
22,done
22,equal
22,daily
22,often
22,fall
22,bigotry
22,once
22,does
22,employee
22,her
22,d
21,policies
21,progress
21,science
21,0:00
21,accountable
21,images
21,horrific
21,did
21,several
21,building
21,women
21,confront
21,light
21,protest
21,higher
21,fight
21,then
21,let’s
21,
20,led
20,keep
20,brown
20,hear
20,citizens
20,list
20,cultural
20,states
20,men
20,advance
20,local
20,current
20,stay
20,happen
20,disturbing
20,entire
20,virginia
20,m
20,0:00
20,|
19,suffering
19,incident
19,already
19,martin
19,educational
19,resolve
19,ones
19,healing
19,engagement
19,based
19,focus
19,continued
19,witnessed
19,means
19,think
19,different
19,things
19,free
19,college
19,might
19,living
19,painful
19,reminder
19,ongoing
19,c
19,cities
19,emory
19,graduate
19,three
18,simply
18,inequality
18,compassion
18,going
18,programs
18,strength
18,among
18,executive
18,peace
18,can’t
18,question
18,embrace
18,loved
18,division
18,goals
18,additional
18,differences
18,task
18,condemn
18,steps
18,listening
18,king
18,why
18,solutions
17,step
17,start
17,continues
17,murder
17,victims
17,powerful
17,get
17,strategic
17,goal
17,created
17,virtual
17,set
17,backgrounds
17,policing
17,fellow
17,challenge
17,anti-racist
17,back
17,minority
17,employees
17,addressing
17,ethnicity
17,common
17,particular
17,excellence
17,person
17,universities
17,develop
17,remind
17,edu
17,skin
17,email
17,ago
17,without
17,strong
16,improve
16,government
16,along
16,further
16,ability
16,good
16,essential
16,him
16,heard
16,remember
16,marginalized
16,participate
16,structural
16,grieve
16,economic
16,stands
16,taking
16,practices
16,soon
16,number
16,strive
16,fact
16,hurting
16,despair
16,sent
16,ahead
16,tragedy
16,friday
16,challenging
16,welcome
16,valued
16,under
16,thoughts
16,anguish
16,experienced
16,twitter
16,clear
16,maryland
15,voice
15,necessary
15,problems
15,show
15,central
15,promote
15,offer
15,underrepresented
15,review
15,down
15,unrest
15,meaningful
15,jobs
15,wish
15,hurt
15,prejudice
15,effort
15,return
15,concern
15,value
15,series
15,facing
15,kentucky
15,frustration
15,disparities
15,minnesota
15,less
14,witness
14,spaces
14,welcoming
14,organization
14,achieve
14,michael
14,eric
14,legacy
14,love
14,changes
14,faced
14,demand
14,nothing
14,outside
14,asking
14,initiatives
14,details
14,related
14,activities
14,movement
14,attention
14,trauma
14,proud
14,stop
14,struggle
14,regardless
14,u
14,service
14,reaffirm
14,midst
14,violent
14,discussions
14,though
14,neighbors
14,psychological
14,nc
14,pace
14,uva
13,witnessing
13,washington
13,educate
13,identity
13,perfect
13,unfortunately
13,garner
13,breathe
13,clearly
13,profound
13,died
13,angry
13,children
13,accountability
13,questions
13,professional
13,increase
13,african-american
13,gender
13,perspectives
13,looking
13,small
13,play
13,bear
13,young
13,programming
13,search
13,class
13,i’m
13,medicine
13,making
13,examples
13,disproportionately
13,neck
13,peacefully
13,0:00
13,fundamental
13,experiencing
13,well-being
13,p
13,region
13,privilege
13,greater
13,state’s
13,mental
12,collectively
12,organizations
12,overcome
12,carry
12,lack
12,answers
12,respected
12,makes
12,possible
12,impacted
12,whether
12,require
12,tragedies
12,thrive
12,ideals
12,follow
12,development
12,focused
12,sexual
12,woman
12,brought
12,nearly
12,away
12,towards
12,inequity
12,fully
12,writing
12,urge
12,able
12,point
12,areas
12,difference
12,coronavirus
12,freedom
12,climate
12,calling
12,comes
12,anti-black
12,gather
12,shot
12,sorrow
12,jr
12,0:00
12,belonging
12,broken
12,feelings
12,include
12,online
12,l
12,caused
12,treated
12,equally
12,truth
12,jogging
12,-
12,watched
12,stories
12,david
12,offers
12,ubc
12,uw
11,silence
11,inclusivity
11,status
11,exist
11,using
11,lasting
11,happening
11,advancing
11,engineering
11,contribute
11,liberty
11,goes
11,rice
11,little
11,expect
11,however
11,course
11,allies
11,finally
11,honor
11,political
11,result
11,whose
11,affected
11,james
11,societal
11,specific
11,professor
11,forever
11,grateful
11,luther
11,religion
11,watch
11,background
11,mourn
11,normal
11,heal
11,consider
11,monday
11,group
11,generations
11,present
11,study
11,director
11,york
11,watching
11,j
11,park
11,burden
11,planning
11,special
11,mural
10,broader
10,continuing
10,wherever
10,empathy
10,between
10,laid
10,trust
10,fabric
10,starts
10,requires
10,engineers
10,circumstances
10,aspirational
10,constitution
10,names
10,level
10,full
10,calls
10,example
10,wellness
10,countless
10,instead
10,unity
10,teaching
10,0
10,supporting
10,girls
10,asian
10,orientation
10,spring
10,technology
10,respects
10,sworn
10,problem
10,try
10,historically
10,rise
10,struggles
10,recommendations
10,hall
10,treatment
10,meet
10,memorial
10,key
10,tools
10,occurred
10,path
10,divisions
10,mutual
10,howard
10,mark
10,unarmed
10,vulnerable
10,mourning
10,summer
10,vital
10,scholars
10,reminded
10,meeting
10,due
10,anyone
10,dedicated
10,origin
10,note
10,behalf
10,threat
10,visit
10,obligation
10,business
10,earlier
10,recently
10,toll
10,street
10,campuses
10,brutal
10,given
10,felt
10,offered
10,everywhere
10,suffered
10,sciences
10,emotions
10,longer
10,sure
10,website
10,multicultural
10,messages
10,distress
10,1/1/1900 7
10,letter
10,ph
10,gso
10,ut
10,terrified
9,reject
9,left
9,unwavering
9,advocacy
9,rather
9,president’s
9,isolated
9,persistent
9,directly
9,space
9,systematic
9,participation
9,alone
9,significant
9,allow
9,levels
9,beliefs
9,lived
9,grow
9,saddened
9,purpose
9,standing
9,indigenous
9,brothers
9,sisters
9,computer
9,international
9,council
9,posted
9,veil
9,reflecting
9,strengthen
9,specifically
9,effect
9,aspirations
9,although
9,involved
9,answer
9,found
9,murdered
9,energy
9,physically
9,worked
9,apart
9,virus
9,includes
9,regarding
9,short
9,personally
9,tremendous
9,until
9,moments
9,expressed
9,imagine
9,presidential
9,read
9,seeing
9,north
9,seem
9,addition
9,administration
9,representatives
9,reporting
9,measure
9,0:00
9,supportive
9,event
9,horror
9,senior
9,financial
9,held
9,unequivocally
9,basis
9,anti-asian
9,associate
9,story
9,missouri
9,thank
9,helping
9,reflection
9,occur
9,dei
9,draw
9,communications
9,ucf
9,memphis
8,moral
8,doubt
8,promoting
8,amplify
8,learned
8,bare
8,recommit
8,unprecedented
8,success
8,collaboration
8,cases
8,open
8,post
8,matters
8,targeted
8,effects
8,examine
8,familiar
8,minorities
8,founding
8,model
8,lot
8,active
8,themselves
8,stronger
8,strongly
8,comments
8,aware
8,urgent
8,effective
8,stood
8,i’ve
8,concerns
8,whom
8,certain
8,sigchi
8,mind
8,represent
8,pursue
8,perpetrated
8,itself
8,built
8,pursuit
8,leader
8,criminal
8,deans
8,immediate
8,atlanta
8,ethnic
8,tolerate
8,host
8,structures
8,affect
8,louisville
8,centers
8,changed
8,knee
8,arrested
8,charged
8,rev
8,solution
8,realize
8,demonstrations
8,pledge
8,something
8,turbulent
8,respectful
8,feels
8,demonstrate
8,clarity
8,uncomfortable
8,supports
8,thinking
8,tony
8,affirm
8,terrible
8,anything
8,carolina
8,immediately
8,asked
8,zoom
8,context
8,harassment
8,reform
8,causes
8,spirit
8,seeking
8,e
8,father
8,called
8,healthy
8,minutes
8,johns
8,treat
8,iu
8,serves
8,scholarship
8,uphold
8,kindness
8,advancement
8,unjust
8,posts
8,conditions
8,institute
8,cries
8,wrote
8,that’s
8,range
8,happened
8,explore
8,1/1/1900 5
8,facebook
8,ud
8,article
8,mizzou
8,rochester
8,wonder
7,importance
7,endure
7,designed
7,foundation
7,denying
7,basic
7,homes
7,having
7,seems
7,serving
7,navigate
7,we’re
7,peoples
7,practice
7,struggling
7,3/23/1900 10
7,fair
7,silent
7,put
7,provided
7,impacts
7,heels
7,consistently
7,highest
7,civic
7,increased
7,swe
7,physical
7,senate
7,shares
7,partnerships
7,remains
7,suggestions
7,large
7,consequences
7,code
7,give
7,met
7,utep
7,association
7,barriers
7,athletics
7,connected
7,otherwise
7,deeper
7,discuss
7,town
7,initiative
7,inequalities
7,abuse
7,knew
7,appalling
7,inadequate
7,outcomes
7,intellectual
7,sympathy
7,form
7,courage
7,brings
7,custody
7,unite
7,religious
7,identities
7,latest
7,foster
7,required
7,nor
7,accept
7,connect
7,sustain
7,democracy
7,heavy
7,convene
7,discussion
7,paul
7,forget
7,comfort
7,historic
7,nature
7,included
7,phone
7,sunday
7,book
7,deadly
7,immune
7,darkness
7,emotional
7,shooting
7,places
7,takes
7,leading
7,0:00
7,hospital
7,failing
7,mason
7,planned
7,appreciate
7,imperfect
7,served
7,period
7,passion
7,walk
7,chicago
7,comprehend
7,hopkins
7,baltimore
7,deserve
7,kent
7,undergraduate
7,similar
7,reveal
7,discourse
7,myself
7,weekend
7,resource
7,update
7,ohio
7,south
7,workers
7,began
7,chair
7,tim
7,©
7,ugliness
7,claflin
6,quo
6,advocate
6,behavior
6,benefit
6,willing
6,schools
6,procedures
6,enter
6,generation
6,confident
6,troubled
6,recall
6,born
6,pervasive
6,pattern
6,behaviors
6,wide
6,tamir
6,sandra
6,connections
6,helped
6,side
6,data
6,highlight
6,reports
6,bringing
6,raise
6,researchers
6,--
6,meetings
6,denounce
6,graduates
6,native
6,partners
6,acutely
6,trained
6,healthcare
6,existing
6,https
6,fostering
6,1/4/1900 4
6,individually
6,engaging
6,allowed
6,abhorrent
6,breath
6,line
6,vision
6,amid
6,meantime
6,identify
6,conduct
6,respond
6,commitments
6,case
6,perhaps
6,dream
6,attainment
6,fighting
6,stated
6,name
6,networks
6,colleges
6,strategies
6,semester
6,moving
6,ache
6,larger
6,innovation
6,thoughtfully
6,ensuing
6,interactions
6,plague
6,cultures
6,condemned
6,wake
6,reported
6,expertise
6,condone
6,heartbroken
6,arc
6,forced
6,previous
6,grieving
6,elected
6,clemson
6,prepare
6,ignore
6,lift
6,provides
6,caring
6,issue
6,surrounding
6,johnson
6,mcdade
6,florida
6,cooper
6,horrifying
6,centuries
6,character
6,choose
6,descent
6,reason
6,final
6,trying
6,cornell
6,wounds
6,close
6,rooted
6,conflict
6,nation’s
6,front
6,activism
6,insist
6,attend
6,neighborhoods
6,vigil
6,distancing
6,damage
6,minds
6,failed
6,belief
6,decades
6,rest
6,wear
6,responsible
6,mindful
6,despite
6,confronting
6,inherent
6,disappointment
6,subjected
6,protected
6,room
6,supported
6,near
6,honest
6,engaged
6,statements
6,improving
6,safely
6,ignorance
6,tolerance
6,celebrate
6,filled
6,university's
6,sick
6,indeed
6,confidential
6,eliminate
6,via
6,demanding
6,crimes
6,unacceptable
6,belong
6,davis
6,partnership
6,anti-racism
6,enduring
6,therefore
6,sfu
6,mandate
6,nashville
6,providing
6,revealed
6,uab
6,print
6,ucla
6,took
6,night
6,uconn
6,request
6,exhausted
6,yours
6,uk
6,thoughtful
6,umass
6,unh
6,wayne
6,she
6,austin
6,laura
6,pictures
6,apt
5,imperative
5,membership
5,acknowledging
5,talking
5,institutionalized
5,quest
5,existence
5,laws
5,sexism
5,ensuring
5,advocates
5,produce
5,educators
5,facilitate
5,videos
5,trayvon
5,aspects
5,potential
5,dismantle
5,assist
5,troubling
5,developing
5,faith
5,negative
5,globe
5,implicit
5,importantly
5,srcd
5,inform
5,communicate
5,hosting
5,parents
5,accomplish
5,interest
5,order
5,ready
5,send
5,jones
5,biases
5,design
5,professionals
5,worth
5,believes
5,tolerated
5,haven’t
5,self-care
5,ending
5,streets
5,lifted
5,changing
5,top
5,tell
5,ceo
5,dreams
5,intentional
5,journey
5,contributions
5,uncertain
5,push
5,beloved
5,yourselves
5,histories
5,lies
5,kinds
5,committee
5,committing
5,dialogues
5,lessons
5,long-term
5,written
5,unless
5,drive
5,speech
5,used
5,ultimately
5,achieved
5,powerfully
5,forces
5,transformation
5,protecting
5,deepest
5,pray
5,shown
5,promise
5,plans
5,confronted
5,forefront
5,announcements
5,continually
5,male
5,occurring
5,attending
5,knowing
5,millions
5,thought
5,mourned
5,launched
5,frustrated
5,departments
5,outraged
5,hateful
5,anxiety
5,sessions
5,six
5,pressing
5,followed
5,saturday
5,reached
5,released
5,officials
5,four
5,medical
5,universe
5,commencement
5,gave
5,deal
5,drawn
5,hbcus
5,perpetrators
5,nationally
5,below
5,nationwide
5,area
5,everything
5,integrity
5,direction
5,mines
5,destruction
5,concerned
5,thing
5,single
5,prepared
5,concordia
5,canada
5,accessibility
5,elsewhere
5,combat
5,profoundly
5,consultation
5,and/or
5,counselling
5,depends
5,horrified
5,extraordinary
5,whatever
5,redouble
5,agencies
5,early
5,invite
5,enhance
5,mandatory
5,committees
5,shape
5,floyd's
5,st
5,offices
5,major
5,anywhere
5,disproportionate
5,spiritual
5,distinguished
5,encouraged
5,duty
5,tool
5,locations
5,sad
5,divide
5,main
5,classes
5,disrupted
5,disease
5,arts
5,turned
5,heightened
5,transformative
5,demonstrated
5,undo
5,realities
5,vigilant
5,studies
5,aspect
5,growth
5,searching
5,perceived
5,extremely
5,site
5,kansas
5,administrators
5,earn
5,confidence
5,reflects
5,threatened
5,threatening
5,charge
5,exchange
5,shocking
5,christian
5,incoming
5,offensive
5,thousands
5,beginning
5,relations
5,john
5,tried
5,challenged
5,prayers
5,numerous
5,types
5,weight
5,expressing
5,condemning
5,celebrates
5,cps
5,www
5,impacting
5,compassionate
5,seemingly
5,risk
5,osu
5,rich
5,partner
5,overnight
5,yesterday
5,establish
5,input
5,currently
5,recruitment
5,stress
5,temple
5,tennessee
5,former
5,hand
5,racialized
5,shall
5,university-commerce
5,view
5,jim
5,libraries
5,robert
5,rock
5,closely
5,resilient
5,likely
5,uc
5,caps
5,shock
5,walking
5,follows
5,san
5,diego
5,solve
5,photo
5,expand
5,respectfully
5,green
5,creed
5,um
5,president-designate
5,uofm
5,instagram
5,skip
5,becomes
5,complete
5,dallas
5,vcu
5,upheaval
5,wright
4,rationalization
4,field
4,tragically
4,drives
4,limits
4,privileged
4,parks
4,successes
4,tear
4,relevant
4,scientific
4,define
4,uncertainty
4,emotion
4,understandable
4,helplessness
4,scientists
4,interests
4,spoken
4,orders
4,quality
4,classrooms
4,historical
4,general
4,heartbreaking
4,faces
4,blatant
4,bland
4,eyes
4,chance
4,numbers
4,deserves
4,nsbe
4,vote
4,communication
4,moreover
4,platform
4,resolved
4,prevent
4,elevate
4,behind
4,capacity
4,divides
4,aises
4,hispanic
4,limited
4,org
4,holding
4,unique
4,representation
4,traditional
4,relationships
4,#blacklivesmatter
4,creation
4,protesting
4,machine
4,harms
4,increasing
4,awareness
4,n
4,check
4,project
4,acm
4,translate
4,harmful
4,guide
4,someone
4,evil
4,ugly
4,told
4,bell
4,illustrate
4,informed
4,empower
4,teachers
4,responsibilities
4,identifying
4,prevalent
4,conferences
4,regular
4,assess
4,extend
4,painfully
4,unfair
4,actual
4,lincoln
4,intent
4,concepts
4,terms
4,driving
4,asu
4,hopes
4,empowerment
4,attack
4,mary
4,embraces
4,exclusion
4,known
4,recognition
4,creativity
4,egregious
4,vividly
4,disparate
4,ground
4,desperately
4,disheartened
4,inhumane
4,tomorrow
4,humility
4,promises
4,island
4,old
4,sweeping
4,unnecessary
4,era
4,modern
4,land
4,air
4,thursday
4,none
4,discovery
4,protestors
4,responses
4,raised
4,run
4,wanted
4,adjust
4,aspire
4,endured
4,reading
4,morning
4,echo
4,unimaginable
4,citizen
4,renewed
4,columbia
4,certainly
4,greatest
4,late
4,happens
4,24/7
4,stark
4,founded
4,struggled
4,tears
4,fix
4,security
4,de-escalation
4,framework
4,topics
4,register
4,3/24/1900 2
4,jarring
4,philadelphia
4,failure
4,root
4,described
4,parts
4,shocked
4,extra
4,supremacy
4,responding
4,link
4,durham
4,duke
4,wishes
4,masks
4,carol
4,addressed
4,started
4,motto
4,rage
4,directed
4,direct
4,urgency
4,reduce
4,standard
4,resulted
4,divided
4,high
4,resilience
4,tradition
4,multiple
4,break
4,encounter
4,constant
4,talk
4,son
4,views
4,okay
4,memories
4,bridge
4,hoping
4,reaction
4,traditions
4,absolutely
4,latinx
4,dying
4,language
4,immense
4,isolation
4,highly
4,sympathies
4,denouncing
4,msu
4,test
4,disbelief
4,amendment
4,effectively
4,recognizing
4,poor
4,everyone’s
4,celebration
4,impossible
4,persistence
4,tension
4,rising
4,grounded
4,sought
4,honestly
4,becoming
4,underscore
4,overwhelmed
4,acceptable
4,aggie
4,represents
4,federal
4,content
4,dealing
4,we’ve
4,businesses
4,calendar
4,accepting
4,uta
4,0:00
4,traditionally
4,various
4,what’s
4,showing
4,indifference
4,went
4,sadly
4,speeches
4,protects
4,universal
4,alexander
4,saw
4,gathered
4,half
4,developed
4,launch
4,target
4,leebron
4,danger
4,external
4,discriminatory
4,career
4,retention
4,brian
4,property
4,ideal
4,tsu
4,seize
4,wisdom
4,sustainable
4,lawrence
4,separated
4,utilize
4,tom
4,marketing
4,organizing
4,receive
4,berkeley
4,needless
4,tired
4,claim
4,gary
4,tags
4,coast
4,anti-blackness
4,educated
4,genuine
4,management
4,named
4,disability
4,w
4,stretches
4,king’s
4,obama
4,simple
4,easy
4,civility
4,…
4,reconciliation
4,sex
4,ku
4,art
4,joseph
4,peers
4,legitimate
4,ignored
4,pines
4,getting
4,links
4,youtube
4,copyright
4,title
4,michigan
4,inside
4,kevin
4,unt
4,today’s
4,widespread
4,uri
4,oceanography
4,text
4,ny
4,uofsc
4,usf
4,utsa
4,uvm
4,brother
4,males
4,lifting
4,cañate
4,mba
4,habitual
4,aggression
4,wsu
4,wyoming
4,cease
4,yale
4,pauli
3,stance
3,perpetuates
3,celebrating
3,satisfied
3,wrongs
3,explicitly
3,stating
3,intentionally
3,established
3,workplaces
3,churches
3,stores
3,varying
3,dedicate
3,homophobia
3,pull
3,aaas
3,begins
3,nevertheless
3,seriously
3,heinous
3,limitations
3,forming
3,union
3,imagining
3,crying
3,atatiana
3,jefferson
3,swiftly
3,complex
3,fulfill
3,righteous
3,coping
3,official
3,above
3,compounding
3,transform
3,youth
3,evidence
3,bridges
3,angered
3,turn
3,shoulder
3,3/23/1900 11
3,1/2/1900 2
3,policy
3,forth
3,encouraging
3,age
3,collaboratively
3,convened
3,pipeline
3,resulting
3,wholeheartedly
3,long-standing
3,applications
3,ml
3,hiring
3,dangerous
3,shine
3,reaffirms
3,broadly
3,you’re
3,firmly
3,whole
3,works
3,culturally
3,sensitive
3,yourself
3,computing
3,chosen
3,el
3,paso
3,music
3,leaving
3,detail
3,supposed
3,keeping
3,hopeful
3,skills
3,uplift
3,diminish
3,pride
3,fuel
3,ours
3,scholarly
3,involves
3,conference
3,organize
3,approaches
3,reasons
3,represented
3,report
3,manifest
3,threaten
3,ties
3,humans
3,happiness
3,distributed
3,nonetheless
3,defend
3,exhibited
3,document
3,leaves
3,3/21/1900 7
3,socially
3,concept
3,aspiration
3,evolution
3,1960s
3,sitting
3,court
3,idea
3,arizona
3,notion
3,maximum
3,operate
3,increasingly
3,accelerating
3,rate
3,designs
3,models
3,undertake
3,opening
3,oppose
3,dark
3,morehouse
3,illuminate
3,sons
3,daughters
3,prouder
3,determination
3,restore
3,rocked
3,boston
3,elements
3,rely
3,defeat
3,restoring
3,residential
3,promotes
3,beacon
3,beacons
3,unnoticed
3,inspire
3,virtually
3,mentioned
3,cut
3,ky
3,apply
3,persist
3,instances
3,accepted
3,inflict
3,other’s
3,lying
3,spread
3,cleveland
3,excessive
3,issued
3,fell
3,third
3,shortcomings
3,bends
3,cheyney
3,america’s
3,FALSE
3,joined
3,eastern
3,william
3,baldwin
3,turmoil
3,country’s
3,fairness
3,unspeakable
3,humane
3,week’s
3,empowering
3,depth
3,topic
3,participants
3,putting
3,aside
3,spent
3,educating
3,amy
3,chris
3,badly
3,colorado
3,determined
3,offering
3,finding
3,isn’t
3,occasion
3,centre
3,vigilance
3,unequally
3,bedrock
3,enormous
3,advisory
3,psac
3,summit
3,regional
3,county
3,touched
3,session
3,award
3,kendi
3,schedule
3,influence
3,depaul
3,indifferent
3,sources
3,drexel
3,almost
3,lines
3,truths
3,overwhelming
3,sustained
3,distressing
3,coats
3,quadrangle
3,hospitals
3,sterk
3,hosted
3,creative
3,fenves
3,organized
3,expression
3,outrageous
3,productive
3,entrance
3,hill
3,brief
3,thorough
3,resolution
3,unconscious
3,proudly
3,goodwill
3,doors
3,talent
3,replaced
3,forty
3,nearby
3,press
3,pause
3,shadow
3,brutalized
3,modern-day
3,presence
3,marked
3,enlightened
3,screens
3,blood
3,condemns
3,underscores
3,draws
3,concerning
3,quarter
3,total
3,enrollment
3,disciplines
3,afford
3,serious
3,achievements
3,environments
3,sparked
3,reinforce
3,five
3,delivery
3,employment
3,housing
3,jhm
3,psychiatry
3,behavioral
3,outreach
3,countries
3,debate
3,mourns
3,alumna
3,received
3,assumptions
3,participating
3,inflicted
3,lehigh
3,encouragement
3,condemnation
3,manifestation
3,inclusiveness
3,targeting
3,knelt
3,atrocities
3,recognizes
3,racially
3,situations
3,legally
3,legal
3,obligations
3,competence
3,job
3,decision
3,questioned
3,choices
3,opinion
3,joy
3,striving
3,decency
3,afternoon
3,emerge
3,pleading
3,situation
3,eradicate
3,captured
3,callous
3,strengthening
3,strengthened
3,pass
3,scene
3,voicing
3,fade
3,bind
3,guidance
3,highlighted
3,opinions
3,schwab
3,feedback
3,african-americans
3,administrative
3,halls
3,won’t
3,fatal
3,mistreatment
3,television
3,charles
3,grieves
3,completely
3,directors
3,eap
3,window
3,joins
3,looked
3,armed
3,dog
3,badge
3,enforced
3,subject
3,welcomed
3,pay
3,ten
3,hundreds
3,hearing
3,jog
3,0:00
3,henry
3,forthcoming
3,survey
3,comprehensive
3,lecture
3,penn
3,featured
3,demands
3,emergency
3,entered
3,involve
3,spoke
3,admissions
3,progression
3,gathering
3,crucial
3,terror
3,tuesday
3,regularly
3,valuable
3,published
3,inexcusable
3,appalled
3,unified
3,peter
3,carl
3,jennifer
3,precisely
3,aim
3,devastating
3,desk
3,mask
3,distance
3,k
3,fueled
3,exercising
3,finance
3,honors
3,kelly
3,ua
3,improvement
3,everyday
3,kind
3,wider
3,positioned
3,chairs
3,adequately
3,relationship
3,presidents
3,birdwatching
3,frank
3,die
3,encounters
3,1/21/1900 6
3,healthier
3,evening
3,checking
3,uci
3,policeman
3,kneeling
3,harsh
3,crime
3,haynes
3,interpersonal
3,begun
3,units
3,anderson
3,h
3,y
3,pleaded
3,didn’t
3,burdened
3,magnified
3,transparency
3,notice
3,elizabeth
3,divisional
3,steven
3,linkedin
3,heavily
3,transforming
3,cartwright
3,newly
3,responded
3,politics
3,repeatedly
3,neighbor
3,samuel
3,agree
3,unequal
3,lose
3,cultivate
3,destructive
3,disabilities
3,f
3,dennis
3,assanis
3,delaware
3,upcoming
3,acknowledged
3,recruit
3,assessments
3,frequent
3,recipients
3,suffer
3,eli
3,capilouto
3,shoes
3,stopped
3,cold
3,fraught
3,uic
3,jay
3,bruce
3,aerial
3,darryll
3,double
3,cellphone
3,wrong
3,exposed
3,reckoning
3,growing
3,tirelessly
3,workplace
3,academy
3,edu/diversity
3,assistant
3,tigers
3,tiger
3,ix
3,denied
3,u-m
3,remarks
3,outpouring
3,sobering
3,reserved
3,t-shirts
3,rally
3,ronnie
3,unlv
3,collaborations
3,remotely
3,prompt
3,stokes
3,tower
3,unc
3,0:00
3,niner
3,comment
3,flexibility
3,exhaustion
3,penn’s
3,perpetuated
3,louis
3,sarah
3,mangelsdorf
3,submit
3,currall
3,shaken
3,belongs
3,periods
3,anticipate
3,internships
3,eighmy
3,privacy
3,cockett
3,concrete
3,wanda
3,obvious
3,harm
3,jpg
3,vast
3,sands
3,menah
3,pratt-clarke
3,item
3,bothell
3,tacoma
3,ana
3,mari
3,cauce
3,mountains
3,allowing
3,seattle
3,venture
3,food
3,failures
3,uwm
3,pop
3,ndtc
3,sea
3,murray
3,participated
3,shifts
3,mindsets
2,amount
2,snapshot
2,arriving
2,paramount
2,reinforces
2,compounds
2,cra
2,advocating
2,occupy
2,oppress
2,unlearned
2,wedge
2,enviable
2,steeped
2,sacrifice
2,amusement
2,degrees
2,defeating
2,distortion
2,equipped
2,agency
2,etc
2,escape
2,unchecked
2,destroy
2,foundations
2,harrowing
2,enterprise
2,rededicate
2,team’s
2,publications
2,unleashed
2,successfully
2,asee
2,oppressive
2,position
2,nativism
2,embraced
2,prominent
2,regard
2,3/24/1900 1
2,labs
2,preparation
2,singular
2,ingrained
2,consistent
2,limit
2,eventually
2,sustaining
2,welfare
2,capturing
2,normalized
2,jean
2,philando
2,castile
2,shameful
2,disposable
2,pose
2,dominating
2,according
2,extended
2,solving
2,pathways
2,agents
2,implore
2,powerless
2,nelson
2,weapon
2,adversity
2,closing
2,day-to-day
2,weariness
2,supervisors
2,grown
2,scourge
2,lean
2,documents
2,raising
2,tolerant
2,evidence-based
2,equip
2,child
2,integrating
2,developmental
2,broken-hearted
2,partisan
2,commons
2,counsel
2,tough
2,became
2,50k
2,coalition
2,shpe
2,populations
2,3/24/1900 9
2,above-mentioned
2,agreements
2,visible
2,palpable
2,respecting
2,demographics
2,fields
2,guided
2,ancestors
2,lands
2,guides
2,alongside
2,combined
2,under-represented
2,denounces
2,clark
2,embodies
2,perpetuate
2,replicate
2,damaging
2,vein
2,zero
2,ethics
2,noticed
2,processing
2,pd
2,providers
2,classroom
2,really
2,acknowledges
2,desired
2,incorporate
2,enjoy
2,understandably
2,freedoms
2,pleased
2,invisible
2,breaking
2,cast
2,opposite
2,men’s
2,underserved
2,body
2,hopelessness
2,authentic
2,selves
2,disregard
2,pervade
2,handle
2,traumatic
2,empowered
2,creators
2,self
2,survive
2,brighter
2,futures
2,assured
2,grip
2,worldwide
2,processes
2,volunteering
2,ec
2,locally
2,offerings
2,short-
2,espouse
2,industry
2,teaches
2,quiet
2,realizing
2,embodied
2,manifested
2,codified
2,reverend
2,globally
2,noted
2,outlined
2,exactly
2,describe
2,person’s
2,stage
2,substantial
2,cost
2,interpretation
2,woefully
2,altered
2,slow
2,capable
2,display
2,authority
2,drug
2,cream
2,amounts
2,spite
2,enhanced
2,outline
2,watts
2,methods
2,performing
2,operating
2,breadth
2,possibly
2,differently
2,alter
2,century
2,spelman
2,workforce
2,craft
2,operations
2,grim
2,shortly
2,detailed
2,atmosphere
2,uniting
2,avenue
2,unfolding
2,bowie
2,brandeis
2,antisemitism
2,noble
2,mere
2,deep-rooted
2,hour
2,freddie
2,gray
2,worse
2,doesn’t
2,usually
2,persistently
2,institutes
2,courses
2,victims’
2,carnegie
2,mellon
2,later
2,staten
2,officer’s
2,throat
2,repeated
2,reaching
2,protesters
2,flames
2,announced
2,curfew
2,wipe
2,playing
2,recreation
2,0:00
2,monitor
2,homicide
2,choked
2,appears
2,came
2,unconscionable
2,pennsylvania
2,ranks
2,constructive
2,decide
2,clarkson
2,subsequent
2,another’s
2,repair
2,taught
2,heartbreak
2,advances
2,grapple
2,intense
2,impetus
2,pledged
2,blind
2,unable
2,personnel
2,second
2,sending
2,telling
2,envision
2,flatten
2,acted
2,hours
2,interested
2,dan
2,wondering
2,anti-hate
2,anti-bias
2,alarm
2,intended
2,expectations
2,extreme
2,bar
2,apprehension
2,preserve
2,strengths
2,contemporary
2,williams
2,openness
2,sort
2,positions
2,strategy
2,findings
2,undertaken
2,1-800-663-1142
2,sounds
2,shining
2,labor
2,barber
2,empty
2,screams
2,rejected
2,cornell’s
2,composed
2,advise
2,overall
2,sharing
2,ally
2,proactive
2,antiracist
2,ibram
2,x
2,emerged
2,intergroup
2,ethos
2,slavery
2,instruments
2,overt
2,facts
2,generate
2,de
2,disturbed
2,unrelenting
2,exacts
2,birding
2,shopping
2,rightly
2,resistance
2,ideologies
2,trustees
2,strike
2,emory’s
2,upholding
2,campbell
2,prize
2,attendees
2,emphasized
2,longstanding
2,noting
2,seeks
2,deliberately
2,head
2,seven
2,1/1/1900 10
2,seconds
2,b
2,plaza
2,corner
2,matched
2,visitor
2,emotionally
2,fallen
2,intentions
2,either
2,conscious
2,capital
2,ultimate
2,void
2,morally
2,tuned
2,vigor
2,arbery’s
2,deliver
2,foundational
2,enact
2,condition
2,aren’t
2,page
2,disorienting
2,incomprehensible
2,incapable
2,kennedy
2,detroit
2,seemed
2,goodness
2,country—and
2,separation
2,powers
2,independent
2,holds
2,humanities
2,lives’
2,teenagers
2,heading
2,remembers
2,praying
2,calm
2,himself
2,myriad
2,crises
2,vulnerability
2,swore
2,war
2,entrenched
2,physicians
2,activists
2,entrepreneurs
2,counselors
2,investigation
2,economy
2,prosperity
2,destiny
2,closer
2,nurtured
2,intricately
2,researching
2,speaking
2,unnecessarily
2,numb
2,channel
2,mixture
2,console
2,wimbush
2,eloquently
2,indianapolis
2,immensely
2,hence
2,evaluating
2,assertions
2,arguments
2,present-day
2,centuries-old
2,suspicion
2,anyone’s
2,cardinal
2,virtues
2,indiana
2,vigorous
2,vitriol
2,responder
2,brunswick
2,segment
2,adversely
2,symposium
2,unheard
2,mysupport
2,connection
2,alive
2,easily
2,endeavor
2,entrusted
2,tied
2,golden
2,flashes
2,sykes
2,threats
2,duties
2,additionally
2,authorities
2,anti-semitic
2,judicial
2,professors
2,acute
2,mobilize
2,provoked
2,publicly
2,anchored
2,high-profile
2,inescapable
2,foremost
2,spartans
2,empathize
2,disrupt
2,perspective
2,freshmen
2,similarly
2,tone
2,hurtful
2,viewing
2,admission
2,tempting
2,violate
2,pillars
2,desperate
2,consciousness
2,formed
2,displayed
2,accounts
2,entry
2,grace
2,mit
2,graduation
2,accomplishments
2,distinctive
2,desire
2,demonstration
2,caught
2,confusion
2,advantage
2,sow
2,expressions
2,land-grant
2,montana
2,source
2,manner
2,yes
2,disgust
2,appreciation
2,examined
2,richly
2,mean
2,poignant
2,conscience
2,xenophobia
2,evident
2,nyu
2,navigating
2,extinguished
2,entirely
2,absence
2,vain
2,largest
2,borne
2,straight
2,vantage
2,measures
2,economics
2,aftermath
2,afraid
2,password
2,condolences
2,fairly
2,violently
2,shepard
2,judged
2,nccu
2,nurture
2,secure
2,separate
2,vandalism
2,determine
2,catalyst
2,relates
2,sheri
2,arden
2,web
2,portal
2,wolfpack
2,react
2,retaliation
2,integral
2,fierce
2,0:00
2,brutally
2,margaret
2,society—and
2,sickened
2,whitaker
2,sin
2,northwestern
2,poignantly
2,directing
2,collaborative
2,reminders
2,ohio’s
2,referrals
2,off
2,counselor
2,facilitated
2,embedded
2,work/life
2,opens
2,features
2,fears
2,women’s
2,hesitate
2,criminals
2,fired
2,endless
2,residents
2,0:00
2,leash
2,priority
2,control
2,injury
2,rules
2,appropriate
2,unions
2,thanks
2,rodriguez
2,understands
2,hire
2,osu’s
2,mutually
2,systematically
2,deny
2,disgusted
2,brooklyn
2,apartment
2,dj
2,losses
2,angela
2,pace’s
2,mitigate
2,forwarded
2,invited
2,memory
2,agenda
2,capture
2,teach-in
2,annual
2,apathy
2,whenever
2,extent
2,dispersed
2,mid-march
2,eight
2,fought
2,sacrificed
2,middle
2,wound
2,convey
2,societies
2,add
2,perpetuating
2,reflected
2,heartened
2,syracuse
2,reminding
2,sting
2,carries
2,presented
2,embody
2,hendricks
2,chapel
2,diamonds
2,articles
2,victim
2,affirmative
2,richard
2,decimation
2,tornadoes
2,erupted
2,sternly
2,opposes
2,integrate
2,nashville's
2,lunch
2,counters
2,city's
2,nashvillians
2,forgotten
2,shaped
2,devoted
2,bitter
2,allen
2,university-texarkana
2,antonio
2,university-corpus
2,christi
2,christine
2,red
2,raiders
2,intend
2,ttic
2,confirmed
2,marginalization
2,narratives
2,president's
2,tufts
2,principle
2,passively
2,0:00
2,counts
2,ray
2,andrew
2,nursing
2,kathy
2,digital
2,dentistry
2,trojan
2,authentically
2,disrespect
2,uniquely
2,emerging
2,professoriate
2,defined
2,silenced
2,wellbeing
2,systemically
2,studying
2,ca
2,santa
2,visited
2,steadfast
2,heartfelt
2,society’s
2,worker
2,underlies
2,array
2,self-examination
2,fate
2,explain
2,hit
2,nerve
2,hunted
2,got
2,influences
2,california
2,carter
2,0:00
2,0:00
2,crow
2,sickening
2,unjustified
2,justified
2,betterment
2,focuses
2,cruelty
2,indignity
2,calmly
2,intervene
2,dehumanization
2,updated
2,emily
2,monroe
2,ronald
2,extension
2,architecture
2,lee
2,santos
2,kim
2,patients
2,showed
2,pushing
2,mix
2,traumatized
2,communicated
2,intractable
2,headlines
2,weighs
2,supremacist
2,ucf’s
2,knights
2,merely
2,helps
2,smithsonian
2,museum
2,mentoring
2,looks
2,commits
2,occurs
2,vitality
2,linked
2,helpful
2,urban
2,runs
2,grants
2,heed
2,intolerable
2,boulder
2,placed
2,constantly
2,routine
2,tangible
2,sponsored
2,editor's
2,insidious
2,non-discrimination
2,harder
2,priorities
2,succeed
2,module
2,forums
2,actionable
2,provoke
2,phenomenon
2,adopted
2,tackle
2,communities—the
2,release
2,elicit
2,timeline
2,immoral
2,immigrant
2,targets
2,devastated
2,availability
2,meaning
2,councils
2,facilitating
2,agent
2,private
2,term
2,gasps
2,mother
2,parent
2,passage
2,stain
2,backdrop
2,facilities
2,removing
2,fresh
2,artist
2,observation
2,reckon
2,symbol
2,kentuckians
2,reconcile
2,narrative
2,frankly
2,criticism
2,fronts
2,relatively
2,remove
2,choice
2,employers
2,champion
2,running
2,ranked
2,susan
2,friendly
2,pdf
2,big
2,discriminate
2,choosing
2,illinois
2,benson
2,sean
2,mailing
2,massmail
2,archive
2,savoie
2,t
2,alarming
2,displays
2,manitoba
2,achievement
2,sorry
2,usm
2,safeguard
2,anthony
2,environmental
2,shore
2,blow
2,wednesday
2,1/1/1900 2
2,texts
2,emails
2,bill
2,shop
2,nefertiti
2,walker
2,attacks
2,umpd
2,aimed
2,expanding
2,micro
2,residence
2,chaired
2,evaluate
2,uploaded
2,co-chaired
2,collection
2,setting
2,upset
2,confused
2,majority
2,regards
2,psychology
2,prospective
2,scholarships
2,catalog
2,benefits
2,violated
2,relative
2,navigationskip
2,appearance
2,presentations
2,notes
2,vowed
2,thread
2,#blackatmizzou
2,testimonies
2,tweet
2,discussing
2,themes
2,who’ve
2,assure
2,shouldered
2,brunt
2,confirm
2,mun
2,choi
2,mu
2,mo
2,65211
2,573-882-2121
2,curators
2,dmca
2,opportunity/affirmative
2,nebraska
2,win
2,jackie
2,gaughan
2,craig
2,chandler
2,chancellor's
2,marta
2,meana
2,marking
2,anniversary
2,hampshire
2,teach
2,surely
2,renew
2,sight
2,risen
2,mexico
2,unm
2,incite
2,disgusting
2,oath
2,type
2,whereby
2,pinterest
2,charlotte
2,vibrant
2,philip
2,dubois
2,sides
2,largely
2,image
2,tulsa
2,leads
2,scared
2,ok
2,grind
2,questioning
2,sit
2,finish
2,generosity
2,patrick
2,corners
2,ignited
2,demonstrating
2,road
2,voting
2,inward
2,catalyze
2,gap
2,eliminating
2,corliss
2,rhode
2,distribution
2,existed
2,proposal
2,submitted
2,hbcu
2,joining
2,east
2,oceanographic
2,consortium
2,oceanographers
2,gso’s
2,surfo
2,recruiting
2,flying
2,flag
2,half-staff
2,eastman
2,river
2,wilson
2,elmwood
2,ave
2,maps
2,directions
2,bob
2,caslen
2,murders
2,reflective
2,tensions
2,assembling
2,refrain
2,folt
2,aches
2,equalizer
2,torch
2,volunteers
2,donde
2,plowman
2,signature
2,fail
2,awake
2,i’d
2,transition
2,gripped
2,unfold
2,corrode
2,life-threatening
2,paused
2,forcing
2,market
2,requiring
2,comfortable
2,individuals’
2,mccombs
2,dissemination
2,antidotes
2,teams
2,dysfunction
2,creatively
2,workable
2,longhorns
2,tested
2,shy
2,shrink
2,acres
2,hartzell
2,effecting
2,2/2/1900 8
2,addresses
2,rid
2,utsa’s
2,roadrunner
2,implemented
2,myself—and
2,understatement
2,usu
2,noelle
2,utah
2,flags
2,mama
2,plea
2,hurts
2,heading-grant
2,reflections
2,suggests
2,meant
2,decade
2,charlottesville
2,grounds
2,fast
2,ryan
2,renames
2,walter
2,ridley
2,doctoral
2,degree
2,intends
2,in-person
2,robot
2,vcu’s
2,contentskip
2,boiling
2,saddens
2,inclusivevt
2,540-231-5396
2,ancestors’
2,wildest
2,stereotypes
2,villainized
2,detained
2,harassed
2,door
2,’18
2,contrasts
2,donating
2,sewn
2,mask-free
2,revelers
2,flout
2,mandates
2,pools
2,beaches
2,demonstrators
2,stay-at-home
2,capitols
2,impunity
2,‘18
2,compelling
2,cityscapes
2,buildings
2,shrouded
2,pollution
2,majestic
2,squalid
2,overcrowded
2,houses
2,safecampus
2,carelink
2,nations
2,unquestionably
2,footing
2,kept
2,hasn’t
2,low-income
2,leave
2,characterized
2,overcrowding
2,recreational
2,complications
2,ubiquity
2,cameras
2,post-pandemic
2,hygiene
2,closeness
2,smart
2,hole
2,weep
2,washington’s
2,investment
2,rss
2,reaffirmed
2,navigation
2,insider
2,schulz
2,roles
2,signed
2,uwpd
2,ddeea
2,underlying
2,actually
2,bend
2,wpi
2,projects
2,looting
2,1/16/1900 4
2,board
2,removed
2,urged
2,reducing
2,gives
2,robinson
2,ram
2,fixed
2,earth
2,cling
2,inclusion.
2,"counselors,"
2,"employees,"
2,together.
2,cornerstone
2,segregation
2,significance
2,uncle
2,1950’s
2,1960’s
2,travelers
2,visits
2,corrective
2,governing
2,faulty
2,lily
2,mcnair
2,smith
2,continent
2,clarence
2,armbrister
1,steady
1,unbalanced
1,axis
1,intervention
1,torrent
1,rebellion
1,tyranny
1,oppressor
1,gladly
1,surrendered
1,purposes
1,forcefully
1,immigration
1,nice
1,—it
1,impede
1,inimical
1,factory
1,floors
1,boardrooms
1,enlighten
1,abilities
1,facilitation
1,automatic
1,resistant
1,reverse
1,preamble
1,establishing
1,insuring
1,domestic
1,tranquility
1,securing
1,blessings
1,posterity
1,indirectly
1,names…
1,botham
1,suffocating
1,considered
1,1/4/1900 3
1,9%
1,dispatched
1,equitably
1,influenced
1,income
1,companies
1,industries
1,countries’
1,descendants
1,radical
1,doorways
1,advantages
1,invest
1,inalienable
1,invoke
1,mandela
1,mentor
1,march…
1,compiling
1,refuge
1,bleak
1,loves
1,associated
1,joão
1,pedro
1,mattos
1,pinto
1,inexplicable
1,weary
1,covid
1,cares
1,long-lasting
1,discover
1,sowing
1,spheres
1,illuminates
1,counted
1,builds
1,policymakers
1,practitioners
1,#wokescientist
1,portals
1,chats
1,webinars
1,vehemently
1,indian
1,memorandums
1,mous
1,joint
1,noglstp
1,ostem
1,sase
1,socio
1,strata
1,occupational
1,pacific
1,islanders
1,sub-team
1,fiscal
1,solutions-driven
1,kpi
1,metric
1,dashboard
1,tracks
1,conducted
1,stem
1,reiterate
1,profession
1,immemorial
1,aises’
1,enthusiastically
1,ieee
1,proactively
1,taskforce
1,inclusion@computer
1,ahmard
1,quanice
1,hayes
1,aiyana
1,stephon
1,kendra
1,algorithms
1,unintentionally
1,marginalizes
1,excludes
1,ill-conceived
1,wiml
1,impactful
1,#NAME?
1,#NAME?
1,#NAME?
1,#NAME?
1,#NAME?
1,#NAME?
1,#NAME?
1,//blacklivesmatters
1,carrd
1,co
1,campaign
1,//joincampaignzero
1,org/solutions
1,useofforceproject
1,regions
1,strengthens
1,acm’s
1,welcomes
1,hostility
1,lately
1,{self-care
1,bio}
1,cardboard
1,sign
1,embed
1,curricula
1,abolish
1,school-to-prison
1,#NAME?
1,yr
1,thru
1,//twitter
1,com/trussleaders…/status/1267333391604527104
1,ecep
1,broaden
1,cs
1,permeating
1,stars
1,corps
1,frameworks
1,liberties
1,begged
1,cherished
1,nonviolently
1,talked
1,generally
1,sometimes
1,recommend
1,engebret
1,thormodsgaard
1,3/21/1900 12
1,20-year-old
1,bernice
1,heroine
1,opera
1,production
1,staged
1,magoffin
1,auditorium
1,don
1,haskins
1,basketball
1,3/21/1900 10
1,ncaa
1,championship
1,baccalaureate
1,desegregate
1,90%
1,tier
1,viral
1,boys
1,capability
1,precautions
1,encountering
1,arise
1,ages
1,7–17
1,marketplace
1,builders
1,introducing
1,centered
1,self-actualization
1,self-confidence
1,efficacy
1,fullness
1,obstacles
1,head-on
1,staying
1,gratitude
1,rallied
1,bgc
1,timely
1,pains
1,community-
1,students-in
1,blackcomputerher
1,we'll
1,❤️
1,flashpoint
1,unfolds
1,primarily
1,geographies
1,owing
1,weaving
1,add-ons
1,integrated
1,mechanisms
1,worlds
1,avenues
1,observations
1,amplifying
1,relying
1,adopt
1,arenas
1,formal
1,obstruct
1,transparent
1,domination
1,initiating
1,inevitably
1,acceptance
1,isn't
1,#icsme2020
1,today—and
1,always—we
1,long-held
1,constitution’s
1,unfairly
1,inequitably
1,republic
1,jolting
1,akin
1,abuses
1,revolution
1,britain
1,mistreatments
1,ruling
1,injuring
1,diminishing
1,exertion
1,govern
1,failings
1,articulation
1,realized
1,eloquent
1,intensity
1,constitutional
1,philosophies
1,preceded
1,supreme
1,interpretations
1,diversified
1,designing
1,15–20
1,representative
1,totality
1,functional
1,redesigning
1,reconceptualizing
1,restaffing
1,re-empowering
1,enabling
1,justify
1,inadequately
1,enhancing
1,addiction
1,elitist
1,drawing
1,producing
1,elites
1,wealth
1,insufficient
1,initiate
1,deploying
1,o’connor
1,lou
1,fulton
1,devise
1,defending
1,implementable
1,egalitarian
1,college-by-college
1,reassemble
1,straightaway
1,underpinnings
1,financially
1,resolute
1,auburn
1,auburn’s
1,unknown
1,forefathers
1,mothers
1,itself—a
1,diaspora
1,auc
1,disruption
1,amplified
1,afflicted
1,nonstop
1,expanded
1,thurman
1,abruptly
1,interrupted
1,mediated
1,screen
1,commonwealth
1,preserves
1,incivility
1,rioting
1,bsu
1,races
1,cruel
1,contemptible
1,intertwined
1,brimhall-vargas
1,heller
1,co-constructing
1,brandeisians
1,outright
1,minute
1,rallies
1,shootings
1,protested
1,epidemic
1,preserving
1,residing
1,incarceration
1,constituents
1,interrogate
1,leverage
1,recover
1,dehumanizing
1,cmu
1,restate
1,fence
1,curate
1,lawsuits
1,sidewalk
1,dozen
1,arm
1,stayed
1,tight
1,phrase—in
1,opened
1,devolved
1,marchers
1,blocks
1,pitched
1,water
1,bottles
1,spray-painted
1,walls
1,gas
1,canisters
1,cars
1,engulfed
1,nationwide—and
1,london
1,berlin
1,meanwhile
1,noon
1,downtown
1,clean-up
1,cited
1,clean
1,cannot—should
1,not—ever
1,forging
1,toy
1,gun
1,110-page
1,settlement
1,agreement
1,reforms
1,department’s
1,record
1,monitoring
1,compared
1,deputy
1,ayesha
1,hardaway
1,concluded
1,examiner
1,ruled
1,garner’s
1,charges
1,derek
1,chauvin
1,third-degree
1,anger…
1,pain…
1,often-quoted
1,…the
1,tonight
1,frederick
1,douglass
1,western
1,reserve
1,3/17/1900 6
1,relation
1,subsisting
1,attendance
1,important…
1,stability
1,representing
1,oldest
1,population
1,adapt
1,storied
1,penned
1,…we
1,solemnly
1,suit
1,outrages…
1,octavius
1,v
1,catto
1,3/17/1900 10
1,o
1,crowned
1,patriotic
1,wreath
1,langston
1,hughes
1,3/20/1900 9
1,clarkson’s
1,7:00 PM
1,//usa
1,gov/elected-officials
1,forgiving
1,unitedclemson@clemson
1,contemplating
1,writer
1,cascade
1,fore
1,grievous
1,intensifying
1,propositions
1,pluralistic
1,argument
1,perpetuity
1,democratic
1,farther
1,paths
1,mary’s
1,imperfections
1,legacies
1,dominated
1,process—the
1,wrongness
1,widely
1,achieving
1,naturally
1,careers
1,achilles
1,heel
1,racism—either
1,deep-seated
1,expresses
1,rejects
1,decided
1,di&a
1,former—they
1,hall-style
1,curves
1,adept
1,self-interests
1,menacing
1,climbing
1,orediggers
1,landis
1,fox
1,dustin
1,olson
1,rick
1,holz
1,kirsten
1,volpi
1,atrocity
1,color—from
1,ease
1,inadequacy
1,untold
1,crossing
1,numerical
1,threshold
1,proportions
1,drew
1,curtains
1,invidious
1,heroic
1,deflated
1,absent
1,disturbingly
1,confounding
1,norms
1,develop—and
1,fragile
1,pitted
1,worst
1,instincts
1,reasonably
1,ordinary
1,deliberations
1,today—which
1,unfounded
1,itself—is
1,spectrum
1,behaving
1,intimidation
1,mischaracterization
1,hallmarks
1,authoritarianism
1,lightly
1,concordia’s
1,exposes
1,wield
1,sir
1,three-phase
1,edi
1,entering
1,month
1,recite
1,multi-faith
1,spirituality
1,1-844-741-6389
1,english
1,1-866-398-9505
1,french
1,customary
1,reeling
1,ashamed
1,1/6/1900 11
1,spotlight
1,unevenly
1,backward
1,resonated
1,ii
1,church
1,goldsboro
1,hurry
1,bottle
1,abnormal
1,possibility
1,absolve
1,oppressed
1,involvement
1,reviews
1,techniques
1,competency
1,ithaca
1,tompkins
1,sheriff’s
1,chat
1,75-minute
1,opperman
1,genuinely
1,winner
1,electronic
1,copy
1,nonprofit
1,town-gown
1,proposed
1,provost’s
1,three-quarters
1,undergraduates
1,improved
1,hires
1,echoing
1,saying
1,consciences
1,cornellians
1,unsettling
1,prove
1,inability
1,conquer
1,subtle
1,negligence
1,mounting
1,pressure
1,inspiration
1,vincent
1,pastoral
1,stressful
1,enraged
1,pervasiveness
1,prompted
1,abject
1,bearing
1,apa
1,starbucks
1,pick
1,trash
1,harness
1,inaugural
1,defiant
1,passed
1,milestone
1,threatened—in
1,approach
1,university-wide
1,grappling
1,resident
1,claire
1,friday’s
1,speakers
1,henderson
1,lanita
1,greg
1,mcgonigle
1,chaplain
1,olivia
1,laney
1,jericho
1,winship
1,won
1,pulitzer
1,poetry
1,candle
1,beings
1,president-elect
1,gregory
1,helm
1,1/2/1900 12
1,battles
1,awaken
1,flaws
1,wise
1,combines
1,life-giving
1,definitely
1,mad
1,busy
1,kneel
1,remembrance
1,racism-free
1,energized
1,racists
1,jonathan
1,lewin
1,clifton
1,euh
1,midtown
1,orr
1,courtyard
1,saint
1,joseph’s
1,meditation
1,garden
1,creek
1,lower
1,decatur
1,flagpole
1,hillandale
1,grady
1,jesse
1,gilmer
1,ills
1,medically
1,treatable
1,teachable
1,sheds
1,learners
1,arrive
1,famously
1,intellectually
1,northern
1,divert
1,perpetuation
1,fill
1,duress
1,strategically
1,prosperous
1,pandemics
1,fathom
1,gw’s
1,referenced
1,caroline
1,laguerre-brown
1,together—harnessing
1,comprises
1,institution—to
1,taylor’s
1,soul-searching
1,endowed
1,critically
1,theories
1,propose
1,institute’s
1,atlanta‘s
1,excelling
1,track
1,ail
1,rejecting
1,1/15/1900 5
1,million
1,person—george
1,floyd—at
1,erupting
1,3/22/1900 12
1,junior
1,assassinated
1,bobby
1,riots
1,broke
1,hugely
1,polarized
1,supply
1,liberal
1,conservative
1,democrat
1,republican
1,shores
1,repay
1,devotion
1,amendment—especially
1,judiciary
1,14th
1,amendment’s
1,guarantee
1,protection
1,laws—for
1,uniform
1,justness
1,treats
1,beliefs—to
1,luke
1,expected
1,ravaging
1,earthly
1,triggers
1,waves
1,staggering
1,precocious
1,purposely
1,unwelcome
1,15-year-old
1,pulled
1,interaction
1,dad
1,cop
1,innocent
1,lethal
1,testify
1,insufficiency
1,advice
1,likelihood
1,misguided
1,bigoted
1,betray
1,oaths
1,ashes
1,hardly
1,gained
1,mecca
1,antagonistic
1,enjoyment
1,healed
1,lawyers
1,advocated
1,agitated
1,comforted
1,artists
1,enriched
1,inception
1,distorted
1,worldviews
1,inequitable
1,predatory
1,culpable
1,ephesians
1,reminds
1,wrestle
1,flesh
1,principalities
1,rulers
1,wickedness
1,convinced
1,destined
1,mold
1,train
1,declining
1,cure
1,ailment
1,hide
1,consistency
1,intellect
1,matriculating
1,world’s
1,dilemmas
1,energies
1,excel
1,woven
1,diligent
1,loving
1,durable
1,sing
1,electoral
1,gone
1,correcting
1,skewed
1,bronzeville
1,opportunity—and
1,informs
1,****video
1,message***
1,responds
1,part—from
1,prince
1,george's
1,montgomery
1,counties
1,petersburg
1,more—we
1,poverty-stricken
1,disease's
1,origins
1,bed
1,sleeping
1,threatens
1,vulnerabilities
1,journeys
1,dates
1,solidified
1,causing
1,trainees
1,chaplaincy
1,affiliates
1,jhu
1,reawaken
1,contend
1,plaguing
1,china
1,latino
1,k-state
1,meaningfully
1,unapologetically
1,finds
1,doorsteps
1,strives
1,hard-won
1,erase
1,interact
1,strife
1,maintain
1,785-532-6927
1,what's
1,sen
1,vernon
1,rep
1,emilia
1,store
1,clerk
1,stow
1,location
1,jewish
1,fortunately
1,3/22/1900 2
1,troubles
1,prejudices
1,thankful
1,historians
1,sociologists
1,pan-african
1,inhabit
1,reopen
1,promotion
1,ownership
1,values—equality
1,debate—and
1,repudiation
1,candidly
1,presume
1,imagery
1,midway
1,lifetime
1,listed
1,mcgill
1,raiding
1,unacknowledged
1,incontrovertibly
1,revealing
1,virtue
1,****tweeted
1,image**
1,preference
1,snapchat
1,re-posted
1,debated
1,slur
1,demonstrates
1,impulse
1,rescind
1,couple
1,insensitive
1,admit
1,accomplishing
1,ethical
1,possessing
1,characteristics
1,exemplify
1,traits
1,exposure
1,withdraw
1,ridiculed
1,second-guessed
1,rife
1,reputations
1,carefully
1,bombarded
1,ridicule
1,0:00
1,judgement
1,posting
1,formative
1,adolescent
1,redemption
1,probability
1,emphasis
1,competent
1,beautiful
1,strange
1,afternoon’s
1,wonderful
1,newest
1,untouchable
1,strains
1,us-china
1,awful
1,powerlessness
1,cherishing
1,correct
1,errors
1,humanity’s
1,treasure
1,dozier
1,jdozier@mit
1,turning
1,graduating
1,consequence
1,definition
1,starting
1,debilitating
1,bozeman
1,dismantling
1,irrespective
1,victimized
1,discord
1,maximizing
1,proclaims
1,inflection
1,infuriating
1,decent
1,extermination
1,helpless
1,frequently
1,devastatingly
1,incidents--we
1,subtly
1,polite
1,company
1,explored
1,guilty
1,posit
1,maybe
1,posed
1,paragraph
1,unvarnished
1,candor
1,thereby
1,affecting
1,willingness
1,njit
1,pretend
1,shirk
1,person's
1,avoidable
1,time—a
1,ghastliness
1,videoed
1,officer's
1,unheeded
1,pleas
1,bystanders—as
1,occurrences—remain
1,haunting
1,rips
1,doesn't
1,recurring
1,analysis—those
1,exertions
1,video—inequality
1,examining—and
1,too—how
1,else
1,simultaneously
1,giving
1,differential
1,carebridge
1,ogi
1,greensboro
1,ablaze
1,souls
1,confrontation
1,minimum
1,deescalated
1,avoided
1,reasonable
1,inflamed
1,shoulders
1,shed
1,intersecting
1,dynamics
1,psyche
1,predicate
1,nourished
1,surfacing
1,invaluable
1,ingredients
1,avail
1,a&t
1,336-334-7727
1,provider
1,compsych
1,866-511-3373
1,ncat
1,1/1/1900 1
1,dispensed
1,incensed
1,reassurance
1,restructuring
1,dispenses
1,visionary
1,fearless
1,incredible
1,fortitude
1,progressive
1,1900s
1,obstacle
1,insurmountable
1,status-quo
1,appeal
1,counting
1,eagles
1,options
1,pursuing
1,raleigh
1,improves
1,continual
1,sorrowful
1,drastically
1,rightful
1,instruction
1,friend
1,10-year
1,we’ll
1,finalizing
1,i’ll
1,format
1,diversity-and-inclusion-related
1,subscribing
1,diversity’s
1,oied
1,digest
1,homepage
1,dakota
1,student-focused
1,formally
1,ndsu
1,ombuds
1,chorus
1,suspend
1,space—exactly
1,floyd—to
1,feature
1,burnham
1,founder
1,northeastern’s
1,restorative
1,commence
1,poiger
1,hackney
1,co-chairs
1,juneteenth
1,emancipation
1,slaves
1,northeastern
1,beings—so
1,waste
1,cnn’s
1,omar
1,jimenez
1,medill
1,journalism
1,tolerates
1,facilitates
1,barely
1,accorded
1,typically
1,horrendous
1,buckeyes
1,flashing
1,derive
1,adjustment
1,face-to-face
1,conferencing
1,audio
1,therapy
1,740-593-1616
1,edu/student-affairs/counseling
1,diversity@ohio
1,kristyn
1,neckles
1,psychologist
1,clinician
1,by-request
1,ohiouniversity'
1,username
1,login
1,informational
1,materials
1,1-800-227-6007
1,bobcats
1,worries
1,lgbt
1,retention/omsar
1,strongest
1,antidote
1,loneliness
1,students/employees—we
1,monarch
1,observed
1,dominion
1,primary
1,apprehend
1,replayed
1,minn
1,stream
1,0:00
1,neighborhood
1,city’s
1,birds
1,testimonials
1,one-offs
1,product
1,incompetent
1,relive
1,predators
1,attitude
1,harmed
1,confronts
1,function
1,governors
1,disciplinary
1,codes
1,weeding
1,bad
1,under-paid
1,scorn
1,visitors
1,oregon
1,edgar
1,congruent
1,opposing
1,operates
1,novel
1,wages
1,surprised
1,pre-existing
1,eludes
1,god
1,pressed
1,convulsing
1,yorkers
1,marched
1,commemoration
1,associations
1,determining
1,gotten
1,who’d
1,investigating
1,stabbing
1,danroy
1,football
1,star
1,pleasantville
1,remembering
1,relearning
1,non-racist
1,unbiased
1,hired
1,centralized
1,streamline
1,funded
1,formulated
1,contradictory
1,investigate
1,forum
1,modeled
1,visions
1,honoring
1,diversity@pace
1,featuring
1,panels
1,examining
1,prison-industrial
1,latina/o/x
1,academia
1,theory
1,club
1,mlk
1,compiled
1,edu/takeaction
1,believed
1,heart-breaking
1,disrupting
1,added
1,difficulty
1,share23
1,commiserate
1,diminished
1,casual
1,tens
1,unemployment
1,1/3/1900 6
1,burdens
1,pang
1,coastal
1,technician
1,arresting
1,quote
1,weren’t
1,justification
1,xavier
1,pharmaceutical
1,fort
1,seared
1,occasionally
1,trouble
1,acknowledgment
1,unstaunched
1,0:00
1,prevalence
1,behaviour
1,appointed
1,pan-university
1,group’s
1,underway
1,//www
1,ca/edi/support
1,html
1,778-782-4615
1,myssp
1,homewood
1,interfaith
1,778-782-3180
1,benefited
1,staffshare
1,scenes
1,visceral
1,us—students
1,alumni—have
1,infect
1,eliminated
1,choose—through
1,deeds—to
1,distanced
1,orange
1,sake
1,syverud
1,keith
1,alford
1,konkol
1,socio-economic
1,purposeful
1,destroys
1,constructively
1,season
1,temple’s
1,envisioning
1,webinar
1,books
1,award-winning
1,bestselling
1,author
1,owl
1,doctorate
1,3/23/1900 6
1,#NAME?
1,up-to-date
1,eoc
1,focal
1,temple's
1,institutionwide
1,tuttleman
1,englert
1,joanne
1,epps
1,oldham
1,marred
1,observe
1,unwarranted
1,struck
1,granted
1,god’s
1,patience
1,beside
1,deplorable
1,despicable
1,outcome
1,suffice
1,micro-aggressions
1,undue
1,tenets
1,auspices
1,banner
1,likewise
1,urgently
1,texans
1,resist
1,refuse
1,drink
1,cup
1,divisiveness
1,lavelle
1,west
1,bunch
1,university-galveston
1,larry
1,university-central
1,toney
1,favors
1,manuel
1,flores
1,university-kingsville
1,elma
1,luna-gonzalez
1,prairie
1,gritten
1,university-san
1,haruna
1,lince
1,tiburcio
1,tarleton
1,sherdeana
1,owens
1,stanley
1,julia
1,ballenger
1,joyce
1,miller
1,minita
1,ramirez
1,greig
1,corinne
1,valadez
1,schroeder
1,brenda
1,moore
1,exchanges
1,tech's
1,ethnicities
1,hundred
1,us—the
1,alike—must
1,bond
1,unifies
1,first-rate
1,lubbock
1,closures
1,that's
1,resume
1,schovanec
1,ttic’s
1,says
1,turk
1,internal
1,mail
1,plays
1,race-based
1,31st
1,turns
1,inconceivable
1,fearing
1,community—enjoy
1,barrier
1,knit
1,monaco
1,buffalo
1,university—in
1,practice—has
1,cultivated
1,senselessly
1,consumed
1,chaos
1,people—regardless
1,gender—be
1,afforded
1,satish
1,tripathi
1,tyler
1,greer
1,blazer
1,everybody
1,comprise
1,proof
1,surface
1,uneven
1,purposefully
1,subside
1,association’s
1,donations
1,signing
1,petitions
1,uab’s
1,servicesand
1,pam
1,benoit
1,bolton
1,selwyn
1,vickers
1,bakken
1,shannon
1,blanton
1,brannan
1,breland
1,butler
1,professions
1,curt
1,carver
1,technology/chief
1,autumn
1,cypres
1,paulette
1,dilworth
1,erwin
1,ferniany
1,kasia
1,gonnerman
1,doreen
1,harper
1,ria
1,hearld
1,ingram
1,jack
1,alesia
1,lori
1,mcmahon
1,nichols
1,optometry
1,nugent
1,harbert
1,entrepreneurship
1,rosie
1,o’beirne
1,palazzo
1,russell
1,taichman
1,wick
1,celebrated–we
1,christina
1,drale
1,crystal
1,least
1,enacting
1,benefiting
1,unceded
1,responsive
1,sector
1,engagements
1,acceleration
1,intensification
1,adequate
1,implement
1,caucus
1,canadian
1,diversification
1,allocation
1,identity-based
1,funding
1,figures
1,endeavour
1,diversify
1,recommended
1,dotted
1,efap
1,useful
1,stigmatization
1,cloud
1,brilliant
1,office@ubc
1,ono
1,vice-chancellor
1,emailprint
1,christ
1,oscar
1,dubón
1,covid-19—suffering
1,poor—we
1,racially-motivated
1,civilians
1,woman’s
1,attempt
1,pursued
1,york’s
1,assisted
1,slain
1,rutgers
1,sociologist
1,edwards
1,mainstream
1,non-conforming
1,trans
1,others’
1,appointments
1,self-help
1,642-9494
1,tang
1,closed
1,after-hours
1,2/4/1900 3
1,817-5667
1,employs
1,disenfranchised
1,visiting
1,postdocs
1,appointment
1,643-7754
1,employeeassistance@berkeley
1,callink
1,berkeley’s
1,ejce
1,edu/mcc
1,642-6528
1,hate-motivated
1,stophate
1,structures—including
1,university—and
1,bold
1,uttered
1,hauntingly
1,defies
1,explanation
1,barrage
1,cooking
1,exhausting
1,category
1,chancellor’s
1,fifth
1,floor
1,mrak
1,shields
1,95616
1,1/22/1900 2
1,752-2065
1,categories
1,kayton
1,renetta
1,garrison
1,tull
1,0:00
1,hexter
1,camera
1,0:00
1,callously
1,casually
1,unresisting
1,dead
1,policemen
1,mississippi
1,wasn’t
1,original
1,roiling
1,hail
1,gunfire
1,trans-masculine
1,tallahassee
1,vigilantes
1,zimmerman
1,3/23/1900 8
1,roll
1,grievance
1,belies
1,thriving
1,do—in
1,interactions—to
1,brutalities
1,wide-ranging
1,stakeholders
1,sentiment
1,enhances
1,transforms
1,identifies
1,deepen
1,gillman
1,hal
1,stern
1,willie
1,banks
1,douglas
1,liz
1,griffin
1,amongst
1,senselessness
1,casualness
1,chilling
1,relaxed
1,demeanor
1,pockets
1,utter
1,deaden
1,bruin
1,coordinating
1,advisors
1,humbly
1,conclude
1,gene
1,block
1,meranze
1,beck
1,gregg
1,goldman
1,gorden
1,jerry
1,kang
1,levine
1,mazziotta
1,louise
1,osako
1,rhea
1,turteltaub
1,roger
1,wakimoto
1,yolanda
1,gorman
1,advisor
1,guerrero
1,alice
1,nahum
1,lainer
1,bernardo
1,brookmeyer
1,fielding
1,bullard
1,miguel
1,garcía-garibay
1,robin
1,garrell
1,darnell
1,hunt
1,kite
1,theater
1,film
1,krebsbach
1,kelsey
1,geffen
1,mnookin
1,jayathi
1,murthy
1,samueli
1,applied
1,linda
1,sarna
1,segura
1,luskin
1,schaberg
1,victoria
1,sork
1,brett
1,steele
1,eileen
1,strempel
1,herb
1,alpert
1,marcelo
1,suárez-orozco
1,pat
1,turner
1,naomi
1,riley
1,riverside
1,wilcox
1,ventilators
1,secured
1,device
1,manufacturers
1,entities
1,expense
1,legs
1,stolen
1,chased
1,assaulted
1,upsurges
1,fights
1,buried
1,spirits
1,fearful
1,purest
1,extending
1,sincere
1,unspeakably
1,untimely
1,meanings
1,remedy
1,violation
1,vigilante
1,terrorize
1,pedagogy
1,pradeep
1,khosla
1,simmons
1,maripat
1,corr
1,constable
1,brenner
1,leinen
1,marine
1,matthews
1,pierre
1,ouillet
1,becky
1,r
1,petitt
1,alysson
1,satterlund
1,judy
1,bruner
1,compliance
1,anne
1,buckley
1,vince
1,kellen
1,patty
1,maysent
1,daniel
1,nancy
1,resnick
1,rose
1,trigilio
1,cruz
1,cynthia
1,larive
1,twitterfacebooklinkedinreddit
1,escalates
1,assault
1,precarious
1,frustratingly
1,difficulties
1,cindy
1,urges
1,shattered
1,plagued
1,culture’s
1,self-reflection
1,paired
1,bias-related
1,interviewing
1,sufficient
1,ka
1,yee
1,date
1,motivated
1,fraction
1,fundamentally
1,esteem
1,appointees
1,#ERROR!
1,engages
1,pozen
1,destination
1,uchicago
1,organizes
1,variety
1,listing
1,keywords
1,haunted
1,3/21/1900 11
1,i-will-do-better-next-time
1,biggest
1,imaginable—by
1,dubose
1,clarion
1,‘new
1,normal’
1,infects
1,affects
1,incumbent
1,lifts
1,continuously
1,phil
1,distefano
1,cu
1,one’s
1,family’s
1,squarely
1,rates
1,foreign
1,nationals
1,adds
1,daca
1,unsure
1,lgbtq+
1,verbal
1,bird
1,infusing
1,mantra
1,platitudes
1,articulated
1,budget
1,moves
1,tuitt
1,eager
1,appreciates
1,readily
1,measurable
1,invent
1,affirming
1,amazing
1,carried
1,satisfaction
1,momentum
1,storrs
1,avery
1,hartford
1,stamford
1,waterbury
1,fortunate
1,stewardship
1,dana
1,wilder
1,trainings
1,motivator
1,fades
1,allows
1,katsouleas
1,lejuez
1,atkinson
1,grasp
1,exclusionary
1,commonality
1,inflammatory
1,accordance
1,reawakened
1,strides
1,diversifying
1,redoubling
1,component
1,equation
1,piloted
1,span
1,diligently
1,funds
1,campus-wide
1,robust
1,celebrated
1,landscape
1,exhaustive
1,vaughan
1,vpd@udel
1,josé-luis
1,riera
1,studentdiversity@udel
1,extraordinarily
1,inspired
1,unshakable
1,recommitting
1,ward
1,houston
1,idaho
1,fearfulness
1,motivate
1,memo
1,missed
1,solely
1,disagreement
1,campuswide
1,vandals
1,unjustly
1,scott
1,president@uidaho
1,uidaho
1,edu/president
1,tasked
1,economically
1,iowa
1,clear—together
1,ancestry
1,cornerstones
1,wrenching
1,toxic
1,mcatee
1,additions
1,innumerable
1,muslim
1,lgbtqia
1,stigmatized
1,abandoned
1,anxiously
1,waiting
1,hollow
1,manager
1,mayor
1,community-engaged
1,re-emphasize
1,permit
1,university-level
1,sectors
1,jayhawks
1,lexington
1,suffocated
1,escaping
1,mouth
1,articulate
1,nagging
1,gnawed
1,curated
1,funneled
1,prism
1,mind’s
1,eye
1,necessarily
1,interpreted
1,intergenerational
1,subjugation
1,inheritors
1,admonition
1,haunt
1,renowned
1,halting
1,maxwell
1,1/1/1900 12
1,walked
1,forbears
1,enslaved
1,chattel
1,regarded
1,economy’s
1,glorify
1,sanitize
1,unwillingness
1,constructed
1,alike
1,discussed
1,commissioned
1,contextualize
1,roadblock
1,obviate
1,necessity
1,decisive
1,metaphorically
1,table
1,appear
1,symbolic
1,rarely
1,downloadable
1,//drive
1,google
1,com/drive/folders/1btrfi3fpfld1tr9krhmi1ajyrjiracui
1,usp=sharing
1,passions
1,forbes
1,insight
1,recognized
1,lgbtq*
1,row
1,forbes'
1,america's
1,percent
1,expenditures
1,accolades
1,amiridis
1,poser
1,barish
1,rex
1,tolliver
1,uicnews-staff@uic
1,minneapolis-st
1,divisive
1,urbana-champaign
1,dismantles
1,disenfranchise
1,prevents
1,barry
1,andreas
1,cangellaris
1,garrick
1,martinis
1,danita
1,approved
1,powered
1,webtools
1,sun
1,########
1,23pm
1,exemplified
1,thoughtfulness
1,answered
1,insular
1,applaud
1,binding
1,illuminated
1,barnard
1,colour
1,bipoc
1,backs
1,commonalities
1,alliances
1,um’s
1,contributing
1,md
1,recalled
1,anti-semitism
1,lgbtq
1,justly
1,guidelines
1,obligated
1,gravely
1,endanger
1,perman
1,aminta
1,breaux
1,jenkins
1,coppin
1,nowaczyk
1,frostburg
1,wight
1,salisbury
1,schatzel
1,towson
1,kurt
1,schmoke
1,jarrell
1,freeman
1,hrabowski
1,iii
1,goodwin
1,wallace
1,loh
1,heidi
1,javier
1,miyares
1,stewart
1,edelstein
1,shady
1,grove
1,halsey
1,hagerstown
1,ben
1,latigo
1,southern
1,mike
1,lurie
1,1/12/1900 1
1,1/18/1900 1
1,4/22/1900 7
1,mlurie@usmd
1,‘stain’
1,umd
1,/
1,hornbake
1,library
1,writes
1,consoli
1,woke
1,workday
1,vibrating
1,now-infamous
1,losing
1,allegedly
1,counterfeit
1,$20 
1,click
1,nine-minute
1,sucked
1,screamed
1,repeat
1,daughter
1,negatively
1,lives—those
1,reed—due
1,saddening
1,cherishes
1,base
1,convenience
1,controversy
1,inconsequential
1,unites
1,glenn
1,aerospace
1,amherst
1,intimate
1,cried
1,conclusive
1,omnipresence
1,escalating
1,antiracism
1,triage
1,massachusetts
1,applying
1,three-day
1,workshop
1,immerse
1,curriculum
1,campus-specific
1,conflict-resolution
1,seminar
1,prevention
1,responsiveness
1,data-driven
1,climates
1,aggregated
1,combination
1,unit
1,representation/under-representation
1,align
1,exercise
1,matured
1,deliberate
1,data-informed
1,sparking
1,unclear
1,abundantly
1,evenly
1,decades-long
1,health-care
1,hate-filled
1,identified
1,memphian
1,rudd
1,abpp
1,aid
1,tuition
1,fee
1,payment
1,faqs
1,tour
1,academics
1,provost's
1,transcripts
1,calendars
1,ecourseware
1,gotigersgo
1,com
1,ticket
1,intramural
1,sports
1,athletic
1,fund
1,fedex
1,accounting
1,gift
1,corporate
1,lambuth
1,linkedn
1,tnecampus
1,info
1,transfer
1,pathway
1,3/24/1900 3
1,6/1/20
1,tn
1,38152
1,2/6/1900 1
1,1/28/1900 6
1,3/23/1900 8
1,applicants
1,identity/expression
1,veteran
1,genetic
1,designated
1,inquiries
1,amendments
1,3/22/1900 4
1,excluded
1,activity
1,receiving
1,0:00
1,§
1,3/10/1900 1
1,misconduct
1,heartache
1,inseparable
1,instance
1,sellers
1,scope
1,authors
1,esposito
1,prof
1,davenport
1,presidency
1,initial
1,five-year
1,talented
1,ann
1,arbor
1,dearborn
1,flint
1,‘racism
1,spurred
1,account
1,delivers
1,0:00
1,150-year
1,charted
1,jane
1,don't
1,first-hand
1,expecting
1,breathe—again
1,categorically
1,life—i
1,breathe—eerily
1,evocative
1,ought
1,dramatically
1,intensified
1,significantly
1,extensive
1,frightening
1,mass
1,deadliest
1,anti-latino
1,anti-emigrant
1,poway
1,synagogue
1,mosques
1,guiding
1,somber
1,eloisa
1,gordon-mora
1,reacted
1,risks
1,interacting
1,rodney
1,beating
1,choking
1,kindness—these
1,rejection
1,extensively
1,dave
1,kurz
1,portfolio
1,stimulate
1,practical
1,guilt
1,pacs
1,beauregard
1,formerly
1,omsa
1,touch
1,garnett
1,extremist
1,nationalist
1,cover
1,mccabe
1,transpired
1,stained
1,prevail
1,expects
1,30th
1,3/24/1900 12
1,jon
1,gardiner/unc-chapel
1,recurrence
1,commission
1,#yourvoicematters
1,anonymously
1,needing
1,the
1,guskiewicz
1,blouin
1,sibby
1,thompkins
1,battle
1,perry
1,community's
1,modeling
1,qualities
1,price
1,student-centered
1,webex
1,intervening
1,wait
1,cohesive
1,reactions
1,denton
1,bike
1,outstanding
1,warrant
1,attempted
1,flee
1,negotiate
1,nexus
1,fog
1,lacking
1,inaccurate
1,dehumanize
1,match
1,inviting
1,rekindle
1,framed
1,relate
1,untpresident@unt
1,neal
1,smatresk
1,recommitment
1,recalling
1,hesburgh
1,locked
1,hand-in-hand
1,3/21/1900 8
1,feast
1,pentecost
1,holy
1,ninety-nine
1,flow
1,wall
1,massacre
1,ensued
1,explicit
1,underlie
1,ou
1,lend
1,harroz
1,exists
1,slaying
1,birdwatcher
1,hopeless
1,involving
1,pushed
1,imagined
1,preceding
1,bright
1,relief
1,ripped
1,ameliorate
1,validate
1,hug
1,individual’s
1,schoolwork
1,instituted
1,flexible
1,pass/no-pass
1,structure
1,solace
1,requests
1,assignment
1,accommodate
1,hallmark
1,uo
1,mount
1,challenge—and
1,rapidly
1,world—together
1,phillips
1,gutmann
1,vivid
1,indignities
1,weeps
1,deprivation
1,treasured
1,soul
1,gasping
1,kneels
1,dies
1,potent
1,familiarity
1,demonstrations—not
1,pittsburgh’s
1,exploited
1,happy
1,erode
1,peaceably
1,recrimination
1,solidarity—replacing
1,ever-deepening
1,raw
1,plot
1,empathize—even
1,lens
1,institution’s
1,ivory
1,society—a
1,gain
1,degrades
1,undermines
1,pittsburgh
1,remarkable
1,cathedral
1,learning’s
1,spur
1,renaissance
1,reshaping
1,just—while
1,justice—is
1,process—which
1,aims
1,chart
1,pitt’s
1,years—on
1,promising
1,jumpstart
1,scheduling
1,forge
1,gallagher
1,narragansett
1,bay
1,waterfront
1,re-confirm
1,roots
1,generated
1,condones
1,pervaded
1,income/wealth
1,affordable
1,insurance
1,lawmakers
1,passing
1,legislation
1,precludes
1,attract
1,fostered
1,reinforced
1,discipline
1,voted
1,gre
1,requirement
1,noaa
1,cinar
1,cooperative
1,inquire
1,ecoc
1,nsf-reu
1,msis
1,sacnas
1,puerto
1,rico
1,alliance
1,cohort
1,presently
1,execute
1,scarcity
1,k-12
1,prioritize
1,ocean
1,spark
1,under-resourced
1,emboldened
1,uri’s
1,fosters
1,sudip
1,parikh
1,insightful
1,inauguration
1,blight
1,candid
1,commemorate
1,studentsparents
1,familiesfacultystaffalumnilocal
1,newscenter
1,futurity
1,1/20/1900 8
1,blvd
1,14627
1,gps/maps
1,1/10/1900 12
1,1/25/1900 1
1,14642
1,gibbs
1,14604
1,facebooktwitteryoutubeinstagramlinkedintumblrfuturitymore
1,nondiscrimination
1,ix©
1,1996-2020
1,reconciled
1,compounded
1,gamecocks
1,carolinian
1,persons
1,discourage
1,rhetoric
1,tipping
1,manifestations
1,anti-discrimination
1,anti-harassment
1,pivotal
1,intensify
1,equipping
1,implementation
1,2020-2021
1,birmingham
1,jail
1,interrelatedness
1,network
1,mutuality
1,garment
1,suffocation
1,803-777-5223
1,803-777-4215
1,tracey
1,weldon
1,2020university
1,neither
1,affiliated
1,inappropriate
1,intimidating
1,shun
1,epithets
1,abusive
1,disagree
1,persuade
1,steve
1,aching
1,tearing
1,hardest
1,poverty
1,despairing
1,grave
1,escalation
1,trojans
1,inspiring
1,organizers
1,usc
1,partnering
1,silos
1,admiration
1,adobe
1,version
1,moms
1,dads
1,spouses
1,grandparents
1,vol
1,verb
1,wants
1,vols
1,fall—safe
1,things—plan
1,convening
1,campus—students
1,utpd—in
1,touches
1,scarred
1,bullying
1,uta’s
1,…members
1,overcoming
1,mentors
1,accentuating
1,liabilities
1,change…today
1,survival
1,teik
1,lim
1,ad
1,#utaunited
1,footage
1,defenseless
1,begging
1,terribly
1,emphasize
1,comets
1,eugene
1,mcdermott
1,rd
1,richardson
1,75080-3021
1,browser
1,editor’s
1,and—as
1,weekend—i
1,1/2/1900 8
1,heart-wrenching
1,unaddressed
1,potential—but
1,exemplary
1,microagressions
1,impartial
1,team—accountable
1,tomorrow’s
1,same-day
1,next-day
1,you—the
1,community—to
1,opposition
1,bound
1,specifics
1,investigations
1,innovative
1,modules
1,cabinet
1,heads
1,interdisciplinary
1,modify
1,bolster
1,gauge
1,randolph
1,woodson
1,warwick
1,maimone
1,brad
1,bohlander
1,|chief
1,boo
1,corrigan
1,hoit
1,howell
1,sischo
1,teal
1,secretary
1,mladen
1,vouk
1,marie
1,lisa
1,zapata
1,tu
1,deprived
1,edge
1,elevator
1,3/20/1900 1
1,vocal
1,janet
1,levit
1,size
1,volatile
1,opportune
1,alleviate
1,usu’s
1,reassert
1,1/1/1900 3
1,vitale
1,435-797-1356
1,vitale@usu
1,aggies
1,submission
1,dearest
1,bursting
1,sobbed
1,wept
1,initially
1,usual
1,hashtags
1,blacks
1,cry
1,breaths
1,straw
1,yearning
1,wishing
1,coupled
1,branch
1,diminishes
1,vicious
1,cycle
1,exploding
1,life’s
1,steadfastly
1,brave
1,published06-03-2020
1,vp
1,incl
1,vermont
1,burlington
1,vt
1,5405
1,2/2/1900 10
1,656-3131contact
1,privacy/terms
1,medium
1,risa
1,goluboff
1,wrongly
1,surprising
1,reconstruction
1,apologize
1,unraveling
1,contexts
1,indulging
1,episode
1,sharp
1,kids
1,theirs
1,cautioning
1,behave
1,devaluing
1,contaminates
1,burdening
1,couldn’t
1,mention
1,trusted
1,complement
1,ian
1,solomon
1,batten
1,mcdonald
1,barbara
1,solicit
1,prioritized
1,eleven
1,returned
1,one-year
1,disappoint
1,intersect
1,coy
1,btc6r@virginia
1,434-243-2070
1,trending
1,popular
1,virtual_finals_thumb
1,year_in_review_thumb
1,2019-20
1,jim_ryan_speech_thumb
1,‘what
1,’
1,>
1,mobile
1,hazardous
1,modified
1,kill
1,photos
1,sanjay
1,suchak
1,mechanical
1,decontamination
1,kipp
1,teague
1,rural
1,pa
1,crowds
1,richmond
1,mobility
1,hard-earned
1,windows
1,graffiti
1,damaged
1,vehicles
1,debris
1,fires
1,quickly
1,repairs
1,repairing
1,mistrust
1,nation—especially
1,idly
1,accessible
1,quite
1,privileges
1,rao
1,21st-century
1,tagged
1,tech™home
1,toggle
1,menu
1,daily/
1,articles/
1,2020/
1,may/
1,drillfield
1,hokies
1,tumultuous
1,surpassing
1,count
1,ascribed
1,blacksburg
1,immediacy
1,dwelling
1,dramatic
1,distract
1,race-driven
1,pervasively
1,falling
1,illness
1,incremental
1,multigenerational
1,construct
1,microcosm
1,boundaries
1,prepares
1,prosim
1,cook
1,540-231-6557
1,540-231-3787
1,referral
1,cleric
1,anthem
1,855-223-9277
1,aetna
1,888-238-6232
1,kaiser
1,permanente
1,866-517-7042
1,optima
1,hmo
1,866-846-2682
1,hokie
1,540-231-2233
1,540-231-8878
1,540-231-7500
1,540-231-6205
1,540-231-7806
1,contacts
1,tracy
1,vosburgh
1,owczarski
1,unfinished
1,combating
1,caption
1,webster
1,mitochondrial
1,uncoupler
1,smiling
1,hahn
1,researcher
1,develops
1,‘fat
1,burning’
1,molecule
1,implications
1,obesity
1,boundariescampus
1,communityinclusion
1,diversityoffice
1,presidentstrategic
1,plantop
1,map
1,pins
1,logo
1,consumer
1,wvtf
1,bookstore
1,polytechnic
1,pintrest
1,shares695
1,myuw
1,directories
1,computing/it
1,workday/isc
1,husky
1,card
1,washingtonuniversity
1,studentsparentsfaculty
1,staffalumni
1,quick
1,regents
1,facebooktwitterlinkedinemailshare
1,congratulations
1,interactive
1,webcast
1,blog
1,discretionary
1,hub
1,lawn
1,subscribe
1,boundless
1,docket
1,wa
1,unfolded
1,anti-asian-american
1,continuation
1,surprise
1,tackles
1,enormity
1,unsupported
1,valuing
1,unwaveringly
1,ferguson
1,leveraging
1,patient
1,focusing
1,announcing
1,strain
1,disconnection
1,short-term
1,invitations
1,observances
1,longer-term
1,substantive
1,mission-oriented
1,institutionally
1,incredibly
1,pullman
1,kirk
1,maintaining
1,system’s
1,reads
1,courageously
1,proceed
1,bryan
1,slinker
1,chilton
1,chancellors
1,viewed
1,let's
1,linkedinshare
1,twittershare
1,facebookshare
1,categorized
1,announcement
1,hometown
1,awards
1,styles
1,agriculture
1,updates
1,journalists
1,directory
1,mywsu
1,twin
1,madison
1,kristen
1,roman
1,dane
1,chiefs
1,gaps
1,extends
1,facet
1,faculty/staff
1,capitol
1,chose
1,attacked
1,already-struggling
1,drowns
1,backlash
1,anxious
1,unambiguously
1,uwm’s
1,erupt
1,connecting
1,coaches
1,mke
1,fellows
1,fikes
1,governance
1,sets
1,foot
1,mone
1,wisconsin-milwaukee
1,exacerbated
1,demonization
1,uprising
1,points
1,paraphrased
1,massachusetts-born
1,abolitionist
1,minister
1,theodore
1,parker
1,bending
1,scale
1,laurie
1,signifies
1,newspapers
1,unparalleled
1,corn
1,soybeans
1,gunshots
1,towns
1,champaign
1,1/3/1900 4
1,urbana
1,1/1/1900 6
1,savoy
1,reopening
1,postponed
1,long-planned
1,canceled
1,sympathetic
1,colleague
1,signify
1,soldiered
1,attended
1,careful
1,avoid
1,monago
1,repeating
1,transphobia
1,ableism
1,denounced
1,interrupt
1,thrives
1,edward
1,seidel
1,warrior
1,arrest
1,fulfilled
1,nightmare
1,community-minded
1,defines
1,id
1,2/3/1900 3
1,5/12/1900 7
1,12/9/1900 6
1,598720
1,mishandling
1,we've
1,sensitivity
1,establishment
1,headquarters
1,filed
1,non-profit
1,corporation
1,exceed
1,injuries
1,ravaged
1,tempted
1,succumb
1,defeated
1,people’s
1,devoting
1,treating
1,wssu
1,assailed
1,can't
1,snuffed
1,baldwin's
1,emptied
1,oceans
1,homemade
1,spoons
1,tore
1,accustomed
1,facets
1,citizens’
1,fury
1,world—for
1,life—and
1,shifting
1,rises
1,fails
1,lovers
1,engulfs
1,depart
1,can—and
1,should—include
1,cancer
1,omnipresent
1,been—and
1,be—a
1,rocky
1,anew
1,winston-salem
1,rams
1,elwood
1,"family,"
1,unfurled
1,week.
1,"country,"
1,"university,"
1,"this,"
1,angry.
1,"time,"
1,times.
1,you.
1,"support,"
1,"compassion,"
1,understanding.
1,937-775-3407.
1,raider
1,"cares,"
1,24-hour
1,"service,"
1,833-848-1765
1,314-485-4345).
1,"24-hour,"
1,seven-day
1,per
1,texting
1,“listen”
1,741-741.
1,(eap)
1,eligibility.
1,telephone
1,licensed
1,balance
1,services.
1,800-227-6007
1,myimpactsolution.com.
1,wsufsap.
1,strengths.
1,"thought,"
1,"culture,"
1,"background,"
1,community’s
1,"times,"
1,thought-provoking
1,"incident,"
1,challenges.
1,sue
1,shocks
1,indicts
1,incongruous
1,things—our
1,nurses
1,doctors
1,selflessness
1,optimism
1,heroism
1,aroused
1,explosive
1,reliably
1,depression
1,deterioration
1,undermining
1,unpredictable
1,replace
1,hope—and
1,lawyer
1,firsthand
1,cruelties
1,memoir
1,isolation…i
1,impel
1,implored
1,earnestly
1,same—
1,murray’s
1,saved
1,easing
1,3/21/1900 1
1,inherit
1,magnificent
1,mankind
1,isolating
1,salovey
1,argyris
1,asphyxiated
1,bankrupt
1,eternity
1,ears
1,cold-hearted
1,sleep
1,restfully
1,scores
1,overtly
1,compelled
1,triple
1,racism—which
1,dispensable
1,morgan
1,enrages
1,prosecuted
1,fullest
1,hampton
1,initiated
1,marches
1,vice-president
1,statewide
1,contractor
1,household
1,accommodations
1,weekends
1,meal
1,glass
1,tea
1,lemonade
1,nap
1,sofa
1,spending
1,guest
1,interesting
1,indebted
1,permission
1,proviso
1,abandonment
1,batons
1,bullets
1,hoses
1,dogs
1,tactics
1,proven
1,hinder
1,objectives
1,
1,secondly
1,municipality
1,colloquium
1,ministers
1,organizational
1,good-will
1,thirdly
1,accomplished
1,immorality
1,regrettably
1,ended
1,humanistic
1,essence
1,shift
1,precincts
1,prosecutors
1,second-class
1,hasty
1,judgment
1,one's
1,academies
1,nation's
1,game
1,changer
1,regionally
1,internationally
1,1/6/1900 6
1,re-shape
1,marginalize
1,indicates
1,peacekeepers
1,psycho-cultural
1,assimilated
1,orientations
1,mindset
1,center's
1,scheduled
1,accelerated
1,contracting
1,prayer
1,unveil
1,infusion
1,marginalizing
1,uncf
1,naacp
1,certification
1,competencies
1,urban/rural
1,intelligence
1,covenantal
1,prior
1,respective
1,agreed
1,traffic
1,0:00
1,boards
1,coordinated
1,wife
1,tuskegee
1,35%
1,distressed
1,miscarriages
1,sank
1,sister
1,forcibly
1,vehicle
1,tasered
1,provocation
1,notable
1,action-oriented
1,0:00
1,separately
1,seeds
1,planted
1,oklahoma
1,gated
1,enclave
1,female
1,banker
1,kneeled
1,literally
1,gasped
1,cumulative
1,frustrations
1,1/2/1900 10
1,barack
1,honored
1,paraphrase
1,stresses
1,rip
1,obama’s
1,jcsu
1,reconvene
,########
,########
,########
,########
,########
,########
,########
,########
,########
,########
,########
,########
,########
,(tty
,username
